,Degree,BetweennessCentrality
Botu0046,74,620.520899858911
Botu0024,67,600.511331481808
Botu0058,70,438.586541280745
Botu0010,73,467.25613049989
Botu0475,64,419.059126598852
